{
  "bytes": 2897661,
  "datahub": {
    "created": "2018-08-22T01:07:16.920359",
    "findability": "published",
    "flowid": "machine-learning/kr-vs-kp/2",
    "modified": "2018-09-06T11:59:59.358629",
    "owner": "machine-learning",
    "ownerid": "machine-learning"
  },
  "description": "The resources for this dataset can be found at https://www.openml.org/d/3\n\nAuthor: Alen Shapiro\nSour",
  "hash": "214e7af57e410b3175560141986529c7",
  "id": "machine-learning/kr-vs-kp",
  "licenses": [
    {
      "name": "ODC-PDDL",
      "path": "http://opendatacommons.org/licenses/pddl/",
      "title": "Open Data Commons Public Domain Dedication and License"
    }
  ],
  "name": "kr-vs-kp",
  "resources": [
    {
      "bytes": 489987,
      "datahub": {
        "type": "original"
      },
      "dpp:streamedFrom": "https://s3.amazonaws.com/rawstore.datahub.io/ad6eb32b7492524d4382a40e23cdbb8e.arff",
      "encoding": "ISO-8859-1",
      "format": "arff",
      "name": "kr-vs-kp_arff",
      "path": "archive/kr-vs-kp_arff.arff",
      "pathType": "local",
      "profile": "data-resource"
    },
    {
      "bytes": 482676,
      "datahub": {
        "type": "original"
      },
      "dialect": {
        "delimiter": ",",
        "quoteChar": "'"
      },
      "dpp:streamedFrom": "https://s3.amazonaws.com/rawstore.datahub.io/c7b7f50b1a171d4247d50ad27e75f0e9.csv",
      "encoding": "ISO-8859-1",
      "format": "csv",
      "mediatype": "text/csv",
      "name": "kr-vs-kp_original",
      "path": "archive/kr-vs-kp.csv",
      "pathType": "local",
      "profile": "data-resource",
      "schema": {
        "fields": [
          {
            "format": "default",
            "name": "bkblk",
            "type": "string"
          },
          {
            "format": "default",
            "name": "bknwy",
            "type": "string"
          },
          {
            "format": "default",
            "name": "bkon8",
            "type": "string"
          },
          {
            "format": "default",
            "name": "bkona",
            "type": "string"
          },
          {
            "format": "default",
            "name": "bkspr",
            "type": "string"
          },
          {
            "format": "default",
            "name": "bkxbq",
            "type": "string"
          },
          {
            "format": "default",
            "name": "bkxcr",
            "type": "string"
          },
          {
            "format": "default",
            "name": "bkxwp",
            "type": "string"
          },
          {
            "format": "default",
            "name": "blxwp",
            "type": "string"
          },
          {
            "format": "default",
            "name": "bxqsq",
            "type": "string"
          },
          {
            "format": "default",
            "name": "cntxt",
            "type": "string"
          },
          {
            "format": "default",
            "name": "dsopp",
            "type": "string"
          },
          {
            "format": "default",
            "name": "dwipd",
            "type": "string"
          },
          {
            "format": "default",
            "name": "hdchk",
            "type": "string"
          },
          {
            "format": "default",
            "name": "katri",
            "type": "string"
          },
          {
            "format": "default",
            "name": "mulch",
            "type": "string"
          },
          {
            "format": "default",
            "name": "qxmsq",
            "type": "string"
          },
          {
            "format": "default",
            "name": "r2ar8",
            "type": "string"
          },
          {
            "format": "default",
            "name": "reskd",
            "type": "string"
          },
          {
            "format": "default",
            "name": "reskr",
            "type": "string"
          },
          {
            "format": "default",
            "name": "rimmx",
            "type": "string"
          },
          {
            "format": "default",
            "name": "rkxwp",
            "type": "string"
          },
          {
            "format": "default",
            "name": "rxmsq",
            "type": "string"
          },
          {
            "format": "default",
            "name": "simpl",
            "type": "string"
          },
          {
            "format": "default",
            "name": "skach",
            "type": "string"
          },
          {
            "format": "default",
            "name": "skewr",
            "type": "string"
          },
          {
            "format": "default",
            "name": "skrxp",
            "type": "string"
          },
          {
            "format": "default",
            "name": "spcop",
            "type": "string"
          },
          {
            "format": "default",
            "name": "stlmt",
            "type": "string"
          },
          {
            "format": "default",
            "name": "thrsk",
            "type": "string"
          },
          {
            "format": "default",
            "name": "wkcti",
            "type": "string"
          },
          {
            "format": "default",
            "name": "wkna8",
            "type": "string"
          },
          {
            "format": "default",
            "name": "wknck",
            "type": "string"
          },
          {
            "format": "default",
            "name": "wkovl",
            "type": "string"
          },
          {
            "format": "default",
            "name": "wkpos",
            "type": "string"
          },
          {
            "format": "default",
            "name": "wtoeg",
            "type": "string"
          },
          {
            "format": "default",
            "name": "class",
            "type": "string"
          }
        ],
        "missingValues": [
          ""
        ]
      }
    },
    {
      "bytes": 883,
      "datahub": {
        "type": "derived/report"
      },
      "description": "Validation report for tabular data",
      "dpp:streamedFrom": "/tmp/tmp9hwzgt6y/machine-learning/kr-vs-kp/validation_report/data/5dd109408f6848799199d1493c2c3dea/validation_report.json",
      "format": "json",
      "hash": "5dd109408f6848799199d1493c2c3dea",
      "name": "validation_report",
      "path": "data/validation_report.json",
      "profile": "data-resource"
    },
    {
      "bytes": 249369,
      "datahub": {
        "derivedFrom": [
          "kr-vs-kp"
        ],
        "type": "derived/csv"
      },
      "delimiter": ",",
      "dialect": {
        "delimiter": ",",
        "doubleQuote": true,
        "lineTerminator": "\r\n",
        "quoteChar": "\"",
        "skipInitialSpace": false
      },
      "dpp:streamedFrom": "/tmp/tmp9hwzgt6y/machine-learning/kr-vs-kp/kr-vs-kp_csv/data/057444f64c61294c5e170505cc0d64f9/kr-vs-kp_csv.csv",
      "encoding": "utf-8",
      "format": "csv",
      "hash": "057444f64c61294c5e170505cc0d64f9",
      "mediatype": "text/csv",
      "name": "kr-vs-kp_csv",
      "path": "data/kr-vs-kp_csv.csv",
      "pathType": "local",
      "profile": "data-resource",
      "quotechar": "'",
      "rowcount": 3196,
      "schema": {
        "fields": [
          {
            "format": "default",
            "name": "bkblk",
            "type": "string"
          },
          {
            "format": "default",
            "name": "bknwy",
            "type": "string"
          },
          {
            "format": "default",
            "name": "bkon8",
            "type": "string"
          },
          {
            "format": "default",
            "name": "bkona",
            "type": "string"
          },
          {
            "format": "default",
            "name": "bkspr",
            "type": "string"
          },
          {
            "format": "default",
            "name": "bkxbq",
            "type": "string"
          },
          {
            "format": "default",
            "name": "bkxcr",
            "type": "string"
          },
          {
            "format": "default",
            "name": "bkxwp",
            "type": "string"
          },
          {
            "format": "default",
            "name": "blxwp",
            "type": "string"
          },
          {
            "format": "default",
            "name": "bxqsq",
            "type": "string"
          },
          {
            "format": "default",
            "name": "cntxt",
            "type": "string"
          },
          {
            "format": "default",
            "name": "dsopp",
            "type": "string"
          },
          {
            "format": "default",
            "name": "dwipd",
            "type": "string"
          },
          {
            "format": "default",
            "name": "hdchk",
            "type": "string"
          },
          {
            "format": "default",
            "name": "katri",
            "type": "string"
          },
          {
            "format": "default",
            "name": "mulch",
            "type": "string"
          },
          {
            "format": "default",
            "name": "qxmsq",
            "type": "string"
          },
          {
            "format": "default",
            "name": "r2ar8",
            "type": "string"
          },
          {
            "format": "default",
            "name": "reskd",
            "type": "string"
          },
          {
            "format": "default",
            "name": "reskr",
            "type": "string"
          },
          {
            "format": "default",
            "name": "rimmx",
            "type": "string"
          },
          {
            "format": "default",
            "name": "rkxwp",
            "type": "string"
          },
          {
            "format": "default",
            "name": "rxmsq",
            "type": "string"
          },
          {
            "format": "default",
            "name": "simpl",
            "type": "string"
          },
          {
            "format": "default",
            "name": "skach",
            "type": "string"
          },
          {
            "format": "default",
            "name": "skewr",
            "type": "string"
          },
          {
            "format": "default",
            "name": "skrxp",
            "type": "string"
          },
          {
            "format": "default",
            "name": "spcop",
            "type": "string"
          },
          {
            "format": "default",
            "name": "stlmt",
            "type": "string"
          },
          {
            "format": "default",
            "name": "thrsk",
            "type": "string"
          },
          {
            "format": "default",
            "name": "wkcti",
            "type": "string"
          },
          {
            "format": "default",
            "name": "wkna8",
            "type": "string"
          },
          {
            "format": "default",
            "name": "wknck",
            "type": "string"
          },
          {
            "format": "default",
            "name": "wkovl",
            "type": "string"
          },
          {
            "format": "default",
            "name": "wkpos",
            "type": "string"
          },
          {
            "format": "default",
            "name": "wtoeg",
            "type": "string"
          },
          {
            "format": "default",
            "name": "class",
            "type": "string"
          }
        ],
        "missingValues": [
          ""
        ]
      },
      "signed": true
    },
    {
      "bytes": 1668171,
      "datahub": {
        "derivedFrom": [
          "kr-vs-kp"
        ],
        "type": "derived/json"
      },
      "delimiter": ",",
      "dialect": {
        "delimiter": ",",
        "quoteChar": "'"
      },
      "dpp:streamedFrom": "/tmp/tmp9hwzgt6y/machine-learning/kr-vs-kp/kr-vs-kp_json/data/2b7e536751ef44519147561a55748bc3/kr-vs-kp_json.json",
      "encoding": "utf-8",
      "format": "json",
      "hash": "2b7e536751ef44519147561a55748bc3",
      "mediatype": "text/csv",
      "name": "kr-vs-kp_json",
      "path": "data/kr-vs-kp_json.json",
      "pathType": "local",
      "profile": "data-resource",
      "quotechar": "'",
      "rowcount": 3196,
      "schema": {
        "fields": [
          {
            "format": "default",
            "name": "bkblk",
            "type": "string"
          },
          {
            "format": "default",
            "name": "bknwy",
            "type": "string"
          },
          {
            "format": "default",
            "name": "bkon8",
            "type": "string"
          },
          {
            "format": "default",
            "name": "bkona",
            "type": "string"
          },
          {
            "format": "default",
            "name": "bkspr",
            "type": "string"
          },
          {
            "format": "default",
            "name": "bkxbq",
            "type": "string"
          },
          {
            "format": "default",
            "name": "bkxcr",
            "type": "string"
          },
          {
            "format": "default",
            "name": "bkxwp",
            "type": "string"
          },
          {
            "format": "default",
            "name": "blxwp",
            "type": "string"
          },
          {
            "format": "default",
            "name": "bxqsq",
            "type": "string"
          },
          {
            "format": "default",
            "name": "cntxt",
            "type": "string"
          },
          {
            "format": "default",
            "name": "dsopp",
            "type": "string"
          },
          {
            "format": "default",
            "name": "dwipd",
            "type": "string"
          },
          {
            "format": "default",
            "name": "hdchk",
            "type": "string"
          },
          {
            "format": "default",
            "name": "katri",
            "type": "string"
          },
          {
            "format": "default",
            "name": "mulch",
            "type": "string"
          },
          {
            "format": "default",
            "name": "qxmsq",
            "type": "string"
          },
          {
            "format": "default",
            "name": "r2ar8",
            "type": "string"
          },
          {
            "format": "default",
            "name": "reskd",
            "type": "string"
          },
          {
            "format": "default",
            "name": "reskr",
            "type": "string"
          },
          {
            "format": "default",
            "name": "rimmx",
            "type": "string"
          },
          {
            "format": "default",
            "name": "rkxwp",
            "type": "string"
          },
          {
            "format": "default",
            "name": "rxmsq",
            "type": "string"
          },
          {
            "format": "default",
            "name": "simpl",
            "type": "string"
          },
          {
            "format": "default",
            "name": "skach",
            "type": "string"
          },
          {
            "format": "default",
            "name": "skewr",
            "type": "string"
          },
          {
            "format": "default",
            "name": "skrxp",
            "type": "string"
          },
          {
            "format": "default",
            "name": "spcop",
            "type": "string"
          },
          {
            "format": "default",
            "name": "stlmt",
            "type": "string"
          },
          {
            "format": "default",
            "name": "thrsk",
            "type": "string"
          },
          {
            "format": "default",
            "name": "wkcti",
            "type": "string"
          },
          {
            "format": "default",
            "name": "wkna8",
            "type": "string"
          },
          {
            "format": "default",
            "name": "wknck",
            "type": "string"
          },
          {
            "format": "default",
            "name": "wkovl",
            "type": "string"
          },
          {
            "format": "default",
            "name": "wkpos",
            "type": "string"
          },
          {
            "format": "default",
            "name": "wtoeg",
            "type": "string"
          },
          {
            "format": "default",
            "name": "class",
            "type": "string"
          }
        ],
        "missingValues": [
          ""
        ]
      },
      "signed": true
    },
    {
      "bytes": 6575,
      "dpp:streamedFrom": "/tmp/tmp620kodhd/README.md",
      "format": "md",
      "name": "readme",
      "path": "README.md"
    }
  ],
  "title": "Kr vs kp"
}